id,count,default
1,10,17
2,10,24
3,10,3
4,10,2
5,10,21
6,10,1
7,10,32
8,10,12
9,10,8
10,10,20
11,10,29
12,10,30
13,10,49
14,10,10
15,9,11
16, null,14
17,10,15
18,9,42
19,10,45
20,9,47
21,9,13
22,10,23
23,10,46
24,10,5
25,10,39
26,10,36
27,9,25
28,9,41
29,9,9
30,10,31
31,10,18
32,10,16
33,10,4
34,10,48
35,10,19
36,10,37
37,10,33
38,10,38
39,10,26
40,10,7
41,10,6
42,10,50
43,10,34
44,10,27
45,9,40
46,10,44
47,10,35
48,10,22
49,10,28
50,10,43
51,10,62
52,10,82
53,10,54
54,10,61
55,10,55
56,10,56
57,10,59
58,10,96
59,10,53
60,10,52
61,10,93
62,10,65
63,10,51
64,10,94
65,10,60
66,10,76
67,10,66
68,10,100
69,10,57
70,10,69
71,10,63
72,9,97
73, null,87
74,9,68
75,9,58
76,10,89
77,10,74
78,10,85
79,10,67
80,10,91
81,10,95
82,11,73
83, null,98
84,9,64
85,9,70
86,10,71
87,10,75
88,10,72
89,10,90
90,10,77
91,10,99
92,10,80
93,10,88
94,10,81
95,10,83
96,10,79
97,10,78
98,10,92
99,10,86
100,10,84
101,10,115
102,10,107
103,10,104
104,10,126
105, null,136
106,10,102
107,10,114
108,10,106
109,11,108
110,11,145
111,10,109
112,11,103
113,10,112
114,10,101
115,10,110
116,10,120
117,10,147
118,11,131
119,10,139
120,11,119
121,10,149
122,11,121
123,10,138
124,11,141
125,10,129
126,10,125
127,9,111
128,10,105
129,10,130
130,10,113
131,10,135
132,10,116
133,10,148
134,10,118
135,10,122
136,10,128
137,10,127
138,10,144
139,10,134
140,10,133
141,10,146
142,10,124
143,10,143
144,10,150
145,10,123
146,10,142
147,11,137
148,10,117
149,10,132
150,10,140
151,10,152
152,10,153
153,10,192
154,10,157
155,10,154
156,10,165
157,10,167
158,10,156
159,10,151
160,10,187
161,10,155
162,10,159
163,10,168
164,10,164
165,10,189
166,10,161
167,10,173
168,10,158
169,10,166
170,10,196
171,10,199
172,10,160
173,10,184
174,10,197
175,10,200
176,10,162
177,10,163
178, null,185
179,10,169
180,10,174
181,9,195
182,10,170
183,10,171
184,10,194
185,10,177
186,10,178
187,10,176
188,10,193
189,10,180
190,10,179
191,10,181
192, null,183
193, null,175
194,9,182
195,9,172
196,10,198
197,10,190
198,9,188
199,9,191
200,10,186
201,10,245
202,10,205
203,10,212
204,10,237
205,10,206
206,10,204
207,10,223
208,10,203
209,10,210
210,10,215
211,10,231
212,10,202
213,10,211
214,10,213
215,10,209
216,10,208
217,10,207
218,10,201
219,10,240
220,10,229
221,10,241
222,10,232
223,10,214
224,10,221
225,10,244
226,10,222
227,10,234
228,9,216
229,10,233
230,10,226
231,10,228
232,10,230
233,10,235
234,10,236
235,10,239
236, null,217
237,9,242
238,10,227
239,10,247
240,10,248
241,10,225
242,10,219
243,10,224
244,10,250
245,10,243
246,10,246
247,10,238
248,10,249
249,10,218
250,9,220
251,9,252
252,9,253
253,9,255
254,9,293
255,10,257
256,9,260
257,10,287
258,10,294
259,10,256
260,10,276
261,10,264
262,9,254
263,10,259
264,10,292
265,10,251
266,10,258
267,10,262
268,10,295
269,10,284
270,11,300
271,10,275
272,10,290
273,10,283
274,10,263
275,10,266
276,10,271
277,10,297
278,10,288
279,10,274
280,11,270
281,11,273
282,10,272
283,10,296
284,10,267
285,10,286
286,10,268
287,10,269
288, null,261
289,10,298
290,10,278
291,10,280
292,10,289
293,10,265
294,10,291
295, null,282
296,10,299
297,10,277
298,10,279
299,11,281
300, null,285
301,10,335
302,10,334
303,10,343
304,10,337
305,11,338
306, null,339
307,10,325
308,10,349
309, null,336
310,10,309
311,10,304
312,10,331
313, null,306
314,10,341
315,9,326
316,10,350
317,10,333
318,10,316
319,10,307
320,10,301
321,10,332
322,10,303
323,9,345
324,10,328
325,10,302
326,10,346
327, null,311
328,10,342
329,10,318
330,11,327
331,10,305
332,10,329
333,10,312
334,10,324
335,10,308
336,10,344
337,10,313
338,10,310
339,9,314
340,10,320
341,10,315
342,10,319
343,10,321
344,10,347
345,10,330
346,10,317
347,10,340
348,10,323
349,10,348
350,10,322
351,10,387
352,10,379
353,10,376
354,10,352
355,10,388
356,10,392
357,10,397
358,10,353
359,10,381
360,10,351
361,11,357
362,10,395
363,10,356
364,10,364
365,10,355
366,10,396
367,10,358
368,10,354
369,10,390
370,10,368
371,10,389
372,10,382
373,10,365
374,10,374
375,11,366
376,10,378
377,10,359
378,11,373
379,10,363
380,10,360
381,10,377
382,10,375
383,10,362
384,10,372
385,10,367
386,10,361
387,10,391
388,10,398
389,10,371
390,10,369
391,10,399
392,10,383
393,10,400
394,10,370
395,10,385
396,10,394
397,9,380
398,10,386
399,10,384
400, null,393
401,10,430
402,10,433
403,10,439
404,10,434
405,10,437
406, null,444
407,10,431
408,10,447
409,10,446
410,10,438
411,10,450
412,10,415
413,10,440
414,10,443
415,10,445
416,10,442
417,10,432
418,10,429
419,10,404
420,10,441
421,10,407
422,10,402
423,10,412
424,10,427
425,10,409
426,10,449
427,10,420
428,10,406
429,10,403
430,10,408
431,10,416
432,10,422
433,10,418
434,10,405
435,10,401
436,10,417
437,10,426
438,10,411
439,10,419
440,10,448
441,10,414
442,10,423
443,10,436
444,10,421
445,10,410
446,10,425
447,9,435
448,9,428
449,9,424
450,9,413
451,10,492
452,11,451
453,11,458
454,10,493
455,10,453
456,10,457
457,10,454
458,10,452
459,9,489
460,9,455
461,9,459
462,9,463
463,9,462
464,10,456
465,9,494
466,10,468
467,10,495
468,10,478
469,10,461
470,9,476
471,9,466
472,9,467
473,10,481
474,10,460
475,10,472
476,10,465
477,10,471
478,10,464
479,10,500
480,10,482
481,10,469
482,10,470
483,10,474
484,10,475
485,10,486
486, null,473
487,11,491
488,10,499
489, null,496
490,10,497
491,10,485
492,10,498
493,10,480
494,10,477
495,11,487
496,9,483
497,9,490
498,9,479
499,9,484
500,10,488
501,9,547
502,9,537
503,9,542
504,9,540
505,9,541
506,9,545
507,9,536
508,9,510
509,9,525
510,9,505
511,9,548
512,9,515
513,9,512
514,10,502
515,10,511
516,10,508
517,9,501
518,10,503
519,10,546
520,9,509
521,9,526
522,10,513
523,10,534
524,10,518
525,9,514
526,10,517
527,10,504
528,10,507
529,10,531
530,10,539
531,10,522
532,10,549
533,9,550
534,10,506
535,10,538
536,10,527
537,9,530
538,10,523
539,10,516
540,10,529
541,10,519
542,10,533
543,9,520
544,9,521
545,9,535
546,9,543
547,10,528
548,10,532
549,10,524
550,9,544
551,10,554
552,9,551
553,10,553
554,10,561
555,10,600
556,10,581
557,9,565
558,10,556
559,9,562
560,9,552
561,10,555
562,10,564
563,10,559
564,10,571
565,10,576
566,9,560
567,10,558
568,10,568
569,10,557
570,10,575
571,10,570
572,10,582
573,10,591
574,9,580
575,9,577
576,10,585
577,9,567
578,9,592
579,9,574
580,10,566
581,9,572
582,9,573
583,9,578
584,9,595
585,9,563
586,9,588
587,9,579
588,9,597
589,9,594
590,9,586
591,9,569
592,9,583
593,9,584
594,9,599
595,9,587
596,9,596
597,9,598
598,9,590
599,9,593
600,10,589
601,10,632
602,11,648
603,10,631
604,10,610
605,10,636
606,10,650
607,10,633
608,10,629
609,10,637
610, null,634
611,10,625
612,9,628
613,10,602
614,10,649
615,10,626
616,9,641
617,9,615
618,10,601
619,9,647
620, null,608
621,9,609
622,10,604
623,10,642
624,9,624
625,9,644
626,9,617
627,9,630
628, null,627
629,9,603
630,9,622
631,10,635
632,10,612
633,9,618
634,9,640
635,9,605
636,9,638
637,9,607
638,10,621
639,9,614
640,9,620
641,9,613
642,9,639
643,9,645
644,9,611
645,9,643
646,10,606
647,9,619
648,10,623
649,11,616
650,11,646
651,10,654
652,11,677
653,11,694
654,11,652
655,11,657
656,10,665
657,11,681
658,11,651
659,11,655
660,11,653
661,11,656
662,11,669
663,10,692
664,10,661
665, null,659
666,10,690
667,11,696
668,12,671
669,10,664
670,10,684
671,10,660
672,10,658
673,10,662
674,10,698
675,10,666
676,10,688
677,10,668
678,10,663
679,10,678
680,10,697
681,10,674
682,11,691
683,11,693
684,11,667
685,10,673
686,10,683
687,10,675
688,10,699
689,10,695
690,10,672
691,10,670
692,10,680
693,10,687
694,10,682
695,10,676
696,11,679
697,11,700
698,10,686
699,10,685
700,10,689
701,10,708
702,10,704
703,10,703
704,10,706
705,10,702
706,10,734
707,10,705
708,10,727
709,10,743
710,10,745
711,10,731
712,11,733
713,10,701
714,10,738
715,10,736
716,10,747
717,10,739
718,10,730
719,10,750
720,10,744
721,10,746
722,10,735
723,10,715
724,10,732
725,10,729
726,10,722
727,10,737
728,10,716
729,10,712
730,10,719
731,10,711
732,10,741
733,10,742
734,10,713
735,10,725
736,10,748
737,10,709
738,10,724
739,10,714
740,10,740
741,10,707
742,10,728
743,9,749
744,9,721
745,9,720
746,9,726
747,9,723
748,9,718
749,9,710
750,9,717
751,9,751
752,10,759
753,9,752
754,9,780
755,9,754
756,9,770
757,9,753
758,9,763
759,9,774
760,9,782
761,9,767
762,10,768
763,9,756
764,9,757
765,10,775
766,9,758
767,9,764
768,9,755
769,9,762
770,10,769
771,9,766
772,9,771
773,10,798
774,9,765
775,10,761
776,10,778
777,9,776
778,9,793
779,11,772
780,9,777
781,9,794
782,10,800
783,10,787
784,9,789
785,9,773
786,9,760
787,10,781
788,10,783
789,10,791
790,10,797
791,9,788
792,9,792
793,10,799
794,10,779
795,10,796
796,9,785
797,10,784
798,9,795
799,9,786
800,9,790
801,9,814
802,9,848
803,9,803
804,9,804
805,9,807
806,9,811
807,9,837
808,9,806
809,9,802
810,10,826
811,9,801
812,9,841
813,9,839
814,9,812
815,9,813
816,10,809
817,9,805
818,9,844
819,9,840
820,10,830
821,10,810
822,10,835
823,10,831
824,10,821
825,10,836
826,10,842
827,10,808
828,10,834
829,10,849
830,10,838
831,10,846
832,9,850
833,11,843
834,9,815
835,10,827
836,9,832
837,9,819
838,10,818
839,11,823
840,9,816
841,9,829
842,9,822
843,9,817
844,9,824
845,9,847
846,9,828
847,9,825
848,10,820
849,9,833
850,10,845
851,10,852
852,10,876
853,9,860
854,9,859
855,9,856
856,9,867
857,9,858
858,9,851
859,9,866
860,9,855
861,9,898
862,9,863
863,9,861
864,9,870
865,10,853
866,10,854
867, null,868
868,10,897
869,10,857
870,10,862
871,9,880
872,10,865
873,10,888
874,10,869
875,10,871
876,10,899
877,10,874
878,10,875
879,10,896
880,10,864
881,10,900
882,9,878
883,10,873
884,10,885
885,10,877
886,10,879
887,10,890
888,10,893
889,10,872
890,10,887
891,10,894
892,10,891
893,10,892
894,10,883
895,10,886
896,10,884
897,10,881
898,9,889
899,9,895
900,10,882
901,10,940
902,11,932
903,11,946
904,9,936
905,9,937
906,11,943
907,11,941
908,11,934
909,9,933
910,9,931
911,10,909
912,10,935
913,9,942
914,9,907
915,9,949
916,9,950
917,10,948
918,10,901
919,10,938
920,9,911
921, null,944
922,10,906
923,10,947
924,10,915
925,9,939
926,10,902
927,10,908
928,10,913
929,10,912
930,10,916
931,10,929
932,10,903
933,10,914
934,10,927
935,10,920
936,10,904
937,10,910
938,10,945
939,10,921
940,10,905
941,10,917
942,10,926
943,10,928
944,10,924
945,10,925
946,10,918
947,10,922
948,10,930
949,10,923
950,9,919
951,9,969
952,9,966
953,9,962
954,10,976
955,9,965
956,9,967
957,10,957
958,9,960
959,9,951
960,10,963
961,9,994
962,9,958
963,9,954
964,9,985
965,10,973
966,10,952
967,10,953
968,9,975
969,10,987
970,9,964
971,9,961
972,9,974
973,9,977
974,9,993
975,9,984
976,9,978
977,9,981
978,9,971
979,9,959
980,9,956
981,9,955
982,9,968
983,9,995
984,9,992
985,9,970
986,9,982
987,11,999
988,10,983
989,9,980
990,10,988
991,10,990
992,9,998
993, null,972
994,10,991
995,10,989
996,9,979
997,10,1000
998,10,997
999,9,986
1000,10,996
1001,10,1037
1002,10,1035
1003,10,1039
1004,10,1042
1005,10,1044
1006,10,1017
1007,10,1040
1008,10,1049
1009,10,1027
1010,10,1043
1011,9,1020
1012,9,1005
1013,9,1012
1014,9,1033
1015,9,1021
1016,9,1046
1017,9,1001
1018,9,1026
1019,9,1004
1020,9,1022
1021,9,1007
1022,10,1011
1023,10,1036
1024,10,1019
1025,10,1003
1026,10,1041
1027,10,1008
1028,9,1029
1029,11,1016
1030,10,1030
1031,10,1050
1032,10,1006
1033,10,1009
1034,9,1015
1035,9,1010
1036,9,1014
1037,10,1034
1038,9,1028
1039,10,1002
1040,10,1025
1041,9,1047
1042,10,1032
1043,10,1013
1044,10,1018
1045,10,1024
1046,10,1023
1047,10,1048
1048,9,1045
1049,9,1031
1050,9,1038
1051,9,1051
1052,9,1063
1053,10,1054
1054,9,1095
1055,9,1098
1056,9,1084
1057,9,1052
1058,9,1075
1059,10,1053
1060,9,1093
1061,10,1078
1062,9,1079
1063,9,1070
1064,9,1071
1065,9,1067
1066,9,1057
1067,10,1059
1068,9,1055
1069,9,1100
1070,9,1069
1071,9,1074
1072,9,1061
1073,9,1058
1074,9,1073
1075,9,1085
1076,9,1064
1077,9,1056
1078,10,1062
1079,9,1081
1080,9,1060
1081,9,1087
1082,10,1066
1083,11,1088
1084,10,1094
1085,11,1082
1086,10,1065
1087,11,1099
1088,10,1096
1089,9,1083
1090,10,1092
1091,10,1077
1092,10,1072
1093,10,1068
1094,10,1090
1095,9,1089
1096,9,1086
1097,10,1080
1098,10,1097
1099,10,1091
1100,10,1076
1101,10,1140
1102,10,1133
1103,10,1123
1104,10,1125
1105,10,1102
1106,10,1135
1107,10,1101
1108,10,1146
1109,10,1142
1110,10,1122
1111,10,1134
1112,10,1129
1113,10,1149
1114,10,1128
1115,10,1148
1116,10,1143
1117,10,1132
1118,10,1111
1119,10,1131
1120,10,1126
1121,10,1124
1122,10,1104
1123,10,1147
1124,10,1144
1125,10,1141
1126,10,1145
1127,10,1105
1128,10,1109
1129,10,1110
1130,10,1112
1131,10,1136
1132,10,1108
1133,10,1127
1134,10,1137
1135,10,1103
1136,10,1139
1137,10,1130
1138,10,1117
1139,10,1118
1140,10,1138
1141,10,1114
1142,10,1107
1143,10,1120
1144,10,1150
1145,10,1115
1146,10,1119
1147,10,1116
1148,10,1106
1149,9,1121
1150,10,1113
1151,10,1190
1152,10,1159
1153,10,1154
1154,10,1157
1155,10,1160
1156,10,1156
1157,11,1195
1158,10,1151
1159,10,1162
1160,10,1158
1161,10,1177
1162,10,1153
1163,10,1173
1164,10,1166
1165,9,1183
1166,10,1176
1167,10,1167
1168,10,1181
1169, null,1155
1170,10,1174
1171,10,1196
1172,10,1189
1173,10,1161
1174,9,1152
1175,10,1197
1176,10,1171
1177,10,1198
1178,10,1192
1179,10,1164
1180,10,1172
1181,10,1182
1182,10,1165
1183,10,1187
1184,10,1193
1185,10,1184
1186,10,1168
1187,10,1180
1188,10,1178
1189,10,1170
1190,10,1169
1191,9,1186
1192,9,1200
1193,9,1179
1194,9,1194
1195,10,1185
1196,9,1163
1197,9,1199
1198,9,1191
1199,9,1188
1200,9,1175
1201,11,1218
1202,11,1201
1203,10,1247
1204,9,1250
1205,9,1232
1206,14,1202
1207,14,1230
1208,14,1234
1209,14,1228
1210,14,1237
1211,14,1236
1212,9,1231
1213,11,1214
1214,11,1249
1215,11,1240
1216,10,1206
1217,10,1235
1218,9,1243
1219,10,1207
1220,11,1205
1221,11,1212
1222,11,1217
1223,9,1248
1224,11,1246
1225,11,1203
1226,10,1204
1227,10,1229
1228,10,1241
1229,10,1222
1230,10,1211
1231,10,1239
1232,10,1226
1233,11,1233
1234,11,1245
1235,11,1209
1236,11,1244
1237,11,1215
1238,11,1208
1239,13,1227
1240,13,1210
1241,13,1238
1242,13,1219
1243,13,1221
1244,9,1225
1245,9,1223
1246,10,1216
1247,9,1242
1248,9,1213
1249,10,1224
1250,10,1220
1251,10,1268
1252, null,1257
1253,10,1260
1254,10,1294
1255,10,1271
1256,10,1252
1257,10,1255
1258,10,1286
1259,10,1254
1260,10,1251
1261,9,1253
1262,9,1262
1263,9,1256
1264,9,1263
1265,10,1293
1266,9,1265
1267,9,1258
1268,9,1272
1269,9,1300
1270,11,1279
1271,11,1283
1272, null,1274
1273,11,1295
1274,10,1264
1275,9,1261
1276,9,1290
1277,9,1269
1278,9,1299
1279,9,1259
1280,9,1273
1281,10,1285
1282,10,1277
1283,10,1266
1284,10,1270
1285,10,1276
1286,10,1267
1287,10,1288
1288,10,1275
1289,10,1298
1290,10,1289
1291,10,1287
1292,10,1280
1293,10,1292
1294,10,1281
1295,10,1296
1296,10,1291
1297,10,1284
1298,10,1297
1299,10,1282
1300,10,1278
1301,10,1307
1302,10,1350
1303,10,1335
1304,10,1349
1305,10,1341
1306,10,1319
1307,10,1342
1308,10,1301
1309,10,1343
1310,10,1302
1311,10,1328
1312,10,1305
1313,10,1339
1314,10,1332
1315,9,1334
1316,9,1308
1317,9,1303
1318, null,1345
1319,10,1329
1320,10,1310
1321,10,1331
1322,10,1304
1323,10,1317
1324,10,1314
1325,10,1306
1326,10,1338
1327,10,1309
1328,10,1344
1329,10,1311
1330,10,1320
1331,11,1333
1332,10,1336
1333,10,1315
1334,10,1316
1335,10,1326
1336,9,1346
1337,10,1321
1338,10,1348
1339,10,1313
1340,10,1322
1341,10,1330
1342,10,1312
1343,10,1323
1344,10,1325
1345,10,1340
1346,10,1318
1347,10,1327
1348,10,1324
1349,10,1347
1350,10,1337
1351,10,1361
1352,10,1359
1353,10,1353
1354,10,1396
1355,11,1360
1356,11,1358
1357,10,1377
1358,10,1366
1359,10,1390
1360,11,1356
1361,10,1357
1362,10,1375
1363,10,1395
1364,10,1351
1365,10,1352
1366,10,1398
1367,10,1392
1368,10,1368
1369,10,1363
1370,10,1367
1371,10,1373
1372,10,1355
1373,10,1382
1374,10,1365
1375,10,1354
1376,10,1394
1377,10,1389
1378,10,1362
1379,10,1364
1380,10,1384
1381,10,1378
1382,10,1385
1383,10,1371
1384,10,1372
1385,11,1376
1386,11,1369
1387,11,1388
1388,11,1383
1389,10,1374
1390,10,1381
1391,10,1370
1392,10,1397
1393,10,1379
1394,11,1380
1395,10,1391
1396,11,1399
1397,10,1393
1398,10,1386
1399,10,1387
1400,10,1404
1401,10,1400
1402,10,1442
1403,10,1401
1404,11,1435
1405,11,1449
1406,11,1446
1407,10,1426
1408,10,1438
1409,10,1437
1410,10,1431
1411,10,1433
1412,10,1450
1413,10,1417
1414,10,1447
1415,10,1434
1416,10,1405
1417,10,1403
1418,10,1410
1419,10,1436
1420,10,1406
1421,10,1402
1422,10,1414
1423,10,1412
1424,10,1411
1425,10,1416
1426,10,1407
1427,9,1448
1428,9,1418
1429,9,1409
1430,9,1415
1431,9,1439
1432,9,1428
1433,9,1408
1434,9,1427
1435,9,1419
1436,9,1421
1437,9,1413
1438,10,1430
1439,9,1422
1440,10,1420
1441,10,1423
1442,9,1432
1443,9,1445
1444,10,1424
1445,10,1444
1446,10,1443
1447,10,1440
1448,10,1441
1449,10,1429
1450,10,1425
1451,10,1459
1452,10,1476
1453,10,1469
1454,10,1472
1455,10,1500
1456,10,1496
1457,10,1457
1458,9,1452
1459,9,1454
1460,9,1487
1461,10,1465
1462,10,1453
1463,10,1451
1464,10,1458
1465,10,1455
1466,10,1485
1467,10,1468
1468,10,1464
1469,10,1466
1470,11,1484
1471, null,1493
1472,10,1495
1473,10,1488
1474,10,1480
1475,10,1460
1476,9,1456
1477,9,1467
1478,9,1477
1479,9,1461
1480,10,1474
1481,10,1462
1482,9,1494
1483,9,1491
1484,10,1499
1485,10,1470
1486,10,1473
1487,10,1492
1488,11,1481
1489,10,1479
1490,9,1475
1491,9,1498
1492,10,1463
1493,10,1489
1494,9,1482
1495,9,1483
1496,9,1497
1497,10,1471
1498,11,1490
1499,11,1478
1500,9,1486
1501,9,1508
1502,9,1507
1503,10,1509
1504,10,1506
1505,9,1544
1506,9,1503
1507,9,1502
1508,9,1501
1509,10,1514
1510,9,1540
1511,10,1539
1512,9,1505
1513,11,1538
1514,10,1521
1515,10,1504
1516,10,1530
1517,10,1512
1518,11,1543
1519,11,1535
1520,11,1528
1521,11,1550
1522,11,1532
1523,10,1547
1524,10,1529
1525,10,1522
1526,10,1545
1527,11,1541
1528,10,1549
1529,9,1518
1530,10,1546
1531,10,1533
1532,10,1525
1533,10,1527
1534, null,1515
1535,9,1548
1536,9,1534
1537,9,1531
1538,10,1510
1539,10,1513
1540,9,1520
1541,10,1542
1542,10,1536
1543,10,1517
1544,10,1526
1545,10,1519
1546,10,1524
1547,10,1523
1548,10,1537
1549,10,1511
1550,10,1516
1551,10,1556
1552,10,1583
1553,10,1573
1554,10,1552
1555,10,1563
1556,10,1585
1557,10,1551
1558,10,1553
1559,9,1570
1560,10,1572
1561,10,1554
1562,10,1598
1563,9,1560
1564,10,1564
1565,9,1587
1566,10,1555
1567,9,1586
1568,10,1562
1569,10,1568
1570,10,1597
1571,10,1557
1572,10,1571
1573,10,1558
1574,10,1599
1575,10,1579
1576,10,1593
1577,10,1559
1578,9,1569
1579,9,1561
1580,10,1575
1581,9,1574
1582,9,1591
1583,9,1565
1584,9,1566
1585,9,1567
1586,10,1588
1587,10,1589
1588,10,1596
1589,10,1595
1590,11,1592
1591,10,1584
1592,10,1578
1593,10,1576
1594,10,1581
1595,10,1594
1596,10,1590
1597,10,1577
1598,10,1580
1599,10,1582
1600,10,1601
1601,10,1604
1602,10,1635
1603,10,1602
1604,9,1600
1605,9,1631
1606,10,1650
1607,10,1642
1608,10,1645
1609,10,1644
1610,10,1647
1611,10,1629
1612,10,1628
1613,10,1637
1614,10,1633
1615,10,1626
1616,10,1625
1617,10,1632
1618,10,1641
1619,10,1634
1620,10,1643
1621,10,1612
1622,10,1615
1623,10,1616
1624,10,1646
1625,10,1605
1626,10,1618
1627,11,1623
1628,10,1648
1629,11,1613
1630,9,1630
1631,10,1622
1632,9,1649
1633,9,1611
1634,9,1624
1635,9,1636
1636,9,1606
1637,10,1603
1638,10,1627
1639,10,1639
1640,10,1617
1641,10,1610
1642,10,1608
1643,10,1609
1644,10,1619
1645,10,1614
1646,10,1640
1647,10,1638
1648,10,1607
1649,10,1621
1650,10,1620
1651,9,1678
1652,9,1690
1653,9,1688
1654, null,1664
1655,9,1655
1656,9,1684
1657,9,1652
1658,9,1697
1659,10,1658
1660,10,1651
1661,10,1676
1662,10,1689
1663,10,1656
1664,10,1657
1665,10,1666
1666,10,1686
1667,10,1667
1668,10,1671
1669,9,1674
1670,9,1663
1671,9,1681
1672,10,1653
1673,9,1680
1674,10,1659
1675,10,1654
1676,10,1670
1677,9,1694
1678,9,1700
1679,10,1672
1680,10,1683
1681,10,1660
1682,10,1675
1683,10,1679
1684,9,1662
1685,10,1668
1686,10,1677
1687,10,1696
1688,10,1661
1689,10,1691
1690,10,1699
1691,10,1692
1692,10,1693
1693,10,1665
1694,10,1685
1695,10,1669
1696,10,1698
1697,10,1687
1698,10,1695
1699,10,1673
1700,10,1682
1701,10,1714
1702,10,1712
1703,10,1701
1704,10,1718
1705,10,1708
1706,10,1716
1707,10,1715
1708,9,1703
1709,9,1705
1710,10,1709
1711,10,1704
1712,10,1707
1713,10,1717
1714,10,1706
1715,10,1713
1716,10,1711
1717,10,1710
1718,10,1702
