6, 10
4, 10
3, 10
33, 10
24, 10
41, 10
40, 10
9, 10
29, 9
14, 10
15, 9
8, 10
21, 9
16, null
17, 10
32, 10
1, 10
31, 10
35, 10
10, 10
5, 10
48, 10
22, 10
2, 10
27, 9
39, 10
44, 10
49, 10
11, 10
12, 10
30, 10
7, 10
37, 10
43, 10
47, 10
26, 10
36, 10
38, 10
25, 10
45, 9
28, 9
18, 9
50, 10
46, 10
19, 10
23, 10
20, 9
34, 10
13, 10
42, 10
63, 10
60, 10
59, 10
53, 10
55, 10
56, 10
69, 10
75, 9
57, 10
65, 10
54, 10
51, 10
71, 10
84, 9
62, 10
67, 10
79, 10
74, 9
70, 10
85, 9
86, 10
88, 10
82, 11
77, 10
87, 10
66, 10
90, 10
97, 10
96, 10
92, 10
94, 10
52, 10
95, 10
100, 10
78, 10
99, 10
73, null
93, 10
76, 10
89, 10
80, 10
98, 10
61, 10
64, 10
81, 10
58, 10
72, 9
83, null
91, 10
68, 10
114, 10
106, 10
112, 11
103, 10
128, 10
108, 10
102, 10
109, 11
111, 10
115, 10
127, 9
113, 10
130, 10
107, 10
101, 10
132, 10
148, 10
134, 10
120, 11
116, 10
122, 11
135, 10
145, 10
142, 10
126, 10
104, 10
137, 10
136, 10
125, 10
129, 10
118, 11
149, 10
140, 10
139, 10
131, 10
105, null
147, 11
123, 10
119, 10
150, 10
124, 11
146, 10
143, 10
138, 10
110, 11
141, 10
117, 10
133, 10
121, 10
144, 10
159, 10
151, 10
152, 10
155, 10
161, 10
158, 10
154, 10
168, 10
162, 10
172, 10
166, 10
176, 10
177, 10
164, 10
156, 10
169, 10
157, 10
163, 10
179, 10
182, 10
183, 10
195, 9
167, 10
180, 10
193, null
187, 10
185, 10
186, 10
190, 10
189, 10
191, 10
194, 9
192, null
173, 10
178, null
200, 10
160, 10
198, 9
165, 10
197, 10
199, 9
153, 10
188, 10
184, 10
181, 9
170, 10
174, 10
196, 10
171, 10
175, 10
218, 10
212, 10
208, 10
206, 10
202, 10
205, 10
217, 10
216, 10
215, 10
209, 10
213, 10
203, 10
214, 10
223, 10
210, 10
228, 9
236, null
249, 10
242, 10
250, 9
224, 10
226, 10
207, 10
243, 10
241, 10
230, 10
238, 10
231, 10
220, 10
232, 10
211, 10
222, 10
229, 10
227, 10
233, 10
234, 10
204, 10
247, 10
235, 10
219, 10
221, 10
237, 9
245, 10
225, 10
201, 10
246, 10
239, 10
240, 10
248, 10
244, 10
265, 10
251, 9
252, 9
262, 9
253, 9
259, 10
255, 10
266, 10
263, 10
256, 9
288, null
267, 10
274, 10
261, 10
293, 10
275, 10
284, 10
286, 10
287, 10
280, 11
276, 10
282, 10
281, 11
279, 10
271, 10
260, 10
297, 10
290, 10
298, 10
291, 10
299, 11
295, null
273, 10
269, 10
300, null
285, 10
257, 10
278, 10
292, 10
272, 10
294, 10
264, 10
254, 9
258, 10
268, 10
283, 10
277, 10
289, 10
296, 10
270, 11
320, 10
325, 10
322, 10
311, 10
331, 10
313, null
319, 10
335, 10
310, 10
338, 10
327, null
333, 10
337, 10
339, 9
341, 10
318, 10
346, 10
329, 10
342, 10
340, 10
343, 10
350, 10
348, 10
334, 10
307, 10
315, 9
330, 11
324, 10
332, 10
345, 10
312, 10
321, 10
317, 10
302, 10
301, 10
309, null
304, 10
305, 11
306, null
347, 10
314, 10
328, 10
303, 10
336, 10
323, 9
326, 10
344, 10
349, 10
308, 10
316, 10
360, 10
354, 10
358, 10
368, 10
365, 10
363, 10
361, 11
367, 10
377, 10
380, 10
386, 10
383, 10
379, 10
364, 10
373, 10
375, 11
385, 10
370, 10
390, 10
394, 10
389, 10
384, 10
378, 11
374, 10
382, 10
353, 10
381, 10
376, 10
352, 10
397, 9
359, 10
372, 10
392, 10
399, 10
395, 10
398, 10
351, 10
355, 10
371, 10
369, 10
387, 10
356, 10
400, null
396, 10
362, 10
366, 10
357, 10
388, 10
391, 10
393, 10
435, 10
422, 10
429, 10
419, 10
434, 10
428, 10
421, 10
430, 10
425, 10
445, 10
438, 10
423, 10
450, 9
441, 10
412, 10
431, 10
436, 10
433, 10
439, 10
427, 10
444, 10
432, 10
442, 10
449, 9
446, 10
437, 10
424, 10
448, 9
418, 10
401, 10
407, 10
417, 10
402, 10
404, 10
447, 9
443, 10
405, 10
410, 10
403, 10
413, 10
420, 10
416, 10
414, 10
406, null
415, 10
409, 10
408, 10
440, 10
426, 10
411, 10
452, 11
458, 10
455, 10
457, 10
460, 9
464, 10
456, 10
453, 11
461, 9
474, 10
469, 10
463, 9
462, 9
478, 10
476, 10
471, 9
472, 9
466, 10
481, 10
482, 10
477, 10
475, 10
486, null
483, 10
484, 10
470, 9
494, 10
468, 10
498, 9
493, 10
473, 10
480, 10
496, 9
499, 9
491, 10
485, 10
495, 11
500, 10
459, 9
497, 9
487, 11
451, 10
454, 10
465, 9
467, 10
489, null
490, 10
492, 10
488, 10
479, 10
517, 9
514, 10
518, 10
527, 10
510, 9
534, 10
528, 10
516, 10
520, 9
508, 9
515, 10
513, 9
522, 10
525, 9
512, 9
539, 10
526, 10
524, 10
541, 10
543, 9
544, 9
531, 10
538, 10
549, 10
509, 9
521, 9
536, 10
547, 10
540, 10
537, 9
529, 10
548, 10
542, 10
523, 10
545, 9
507, 9
502, 9
535, 10
530, 10
504, 9
505, 9
503, 9
546, 9
550, 9
506, 9
519, 10
501, 9
511, 9
532, 10
533, 9
552, 9
560, 9
553, 10
551, 10
561, 10
558, 10
569, 10
567, 10
563, 10
566, 9
554, 10
559, 9
585, 9
562, 10
557, 9
580, 10
577, 9
568, 10
591, 9
571, 10
564, 10
581, 9
582, 9
579, 9
570, 10
565, 10
575, 9
583, 9
587, 9
574, 9
556, 10
572, 10
592, 9
593, 9
576, 10
590, 9
595, 9
586, 9
600, 10
598, 9
573, 10
578, 9
599, 9
589, 9
584, 9
596, 9
588, 9
597, 9
594, 9
555, 10
618, 10
613, 10
629, 9
622, 10
635, 9
646, 10
637, 9
620, null
621, 9
604, 10
644, 9
632, 10
641, 9
639, 9
617, 9
649, 11
626, 9
633, 9
647, 9
640, 9
638, 10
630, 9
648, 10
624, 9
611, 10
615, 10
628, null
612, 9
608, 10
627, 9
603, 10
601, 10
607, 10
610, null
631, 10
605, 10
609, 10
636, 9
642, 9
634, 9
616, 9
623, 10
645, 9
625, 9
643, 9
650, 11
619, 9
602, 11
614, 10
606, 10
658, 11
654, 11
660, 11
651, 10
659, 11
661, 11
655, 11
672, 10
665, null
671, 10
664, 10
673, 10
678, 10
669, 10
656, 10
675, 10
684, 11
677, 10
662, 11
691, 10
668, 12
690, 10
685, 10
681, 10
687, 10
695, 10
652, 11
679, 10
696, 11
692, 10
657, 11
694, 10
686, 10
670, 10
699, 10
698, 10
693, 10
676, 10
700, 10
666, 10
682, 11
663, 10
683, 11
653, 11
689, 10
667, 11
680, 10
674, 10
688, 10
697, 11
713, 10
705, 10
703, 10
702, 10
707, 10
704, 10
741, 10
701, 10
737, 10
749, 9
731, 10
729, 10
734, 10
739, 10
723, 10
728, 10
750, 9
748, 9
730, 10
745, 9
744, 9
726, 10
747, 9
738, 10
735, 10
746, 9
708, 10
742, 10
725, 10
718, 10
711, 10
724, 10
712, 11
706, 10
722, 10
715, 10
727, 10
714, 10
717, 10
740, 10
732, 10
733, 10
709, 10
720, 10
710, 10
721, 10
716, 10
736, 10
743, 9
719, 10
751, 9
753, 9
757, 9
755, 9
768, 9
763, 9
764, 9
766, 9
752, 10
786, 9
775, 10
769, 9
758, 9
767, 9
774, 9
771, 9
761, 9
762, 10
770, 10
756, 9
772, 9
779, 11
785, 9
759, 9
765, 10
777, 9
780, 9
776, 10
794, 10
754, 9
787, 10
760, 9
788, 10
797, 10
796, 9
799, 9
783, 10
791, 9
784, 9
800, 9
789, 10
792, 9
778, 9
781, 9
798, 9
795, 10
790, 10
773, 10
793, 10
782, 10
811, 9
809, 9
803, 9
804, 9
817, 9
808, 9
805, 9
827, 10
816, 10
821, 10
806, 9
814, 9
815, 9
801, 9
834, 9
840, 9
843, 9
838, 10
837, 9
848, 10
824, 10
842, 9
839, 11
844, 9
847, 9
810, 10
835, 10
846, 9
841, 9
820, 10
823, 10
836, 9
849, 9
828, 10
822, 10
825, 10
807, 9
830, 10
813, 9
819, 9
812, 9
826, 10
833, 11
818, 9
850, 10
831, 10
845, 9
802, 9
829, 10
832, 9
858, 9
851, 10
865, 10
866, 10
860, 9
855, 9
869, 10
857, 9
854, 9
853, 9
863, 9
870, 10
862, 9
880, 10
872, 10
859, 9
856, 9
867, null
874, 10
864, 9
875, 10
889, 10
883, 10
877, 10
878, 10
852, 10
885, 10
882, 9
886, 10
871, 9
897, 10
900, 10
894, 10
896, 10
884, 10
895, 10
890, 10
873, 10
898, 9
887, 10
892, 10
893, 10
888, 10
891, 10
899, 9
879, 10
868, 10
861, 9
876, 10
881, 10
918, 10
926, 10
932, 10
936, 10
940, 10
922, 10
914, 9
927, 10
911, 10
937, 10
920, 9
929, 10
928, 10
933, 10
924, 10
930, 10
941, 10
946, 10
950, 9
935, 10
939, 10
947, 10
949, 10
944, 10
945, 10
942, 10
934, 10
943, 10
931, 10
948, 10
910, 9
902, 11
909, 9
908, 11
912, 10
904, 9
905, 9
919, 10
925, 9
901, 10
907, 11
913, 9
906, 11
921, null
938, 10
903, 11
923, 10
917, 10
915, 9
916, 9
959, 9
966, 10
967, 10
963, 9
981, 9
980, 9
957, 10
962, 9
979, 9
958, 9
971, 9
953, 9
960, 10
970, 9
955, 9
952, 9
956, 9
982, 9
951, 9
985, 9
978, 9
993, null
965, 10
972, 9
968, 9
954, 10
973, 9
976, 9
996, 9
989, 9
977, 9
986, 9
988, 10
975, 9
964, 9
999, 9
969, 10
990, 10
995, 10
991, 10
994, 10
984, 9
974, 9
961, 9
983, 9
1000, 10
998, 10
992, 9
987, 11
997, 10
1017, 9
1039, 10
1025, 10
1019, 9
1012, 9
1032, 10
1021, 9
1027, 10
1033, 10
1035, 9
1022, 10
1013, 9
1043, 10
1036, 9
1034, 9
1029, 11
1006, 10
1044, 10
1024, 10
1011, 9
1015, 9
1020, 9
1046, 10
1045, 10
1040, 10
1018, 9
1009, 10
1038, 9
1028, 9
1030, 10
1049, 9
1042, 10
1014, 9
1037, 10
1002, 10
1023, 10
1001, 10
1050, 9
1003, 10
1007, 10
1026, 10
1004, 10
1010, 10
1005, 10
1048, 9
1016, 9
1041, 9
1047, 10
1008, 10
1031, 10
1051, 9
1057, 9
1059, 10
1053, 10
1068, 9
1077, 9
1066, 9
1073, 9
1067, 10
1080, 9
1072, 9
1078, 10
1052, 9
1076, 9
1086, 10
1082, 10
1065, 9
1093, 10
1070, 9
1063, 9
1064, 9
1092, 10
1074, 9
1071, 9
1058, 9
1100, 10
1091, 10
1061, 10
1062, 9
1097, 10
1079, 9
1085, 11
1089, 9
1056, 9
1075, 9
1096, 9
1081, 9
1083, 11
1095, 9
1094, 10
1099, 10
1090, 10
1060, 9
1084, 10
1054, 9
1088, 10
1098, 10
1055, 9
1087, 11
1069, 9
1107, 10
1105, 10
1135, 10
1122, 10
1127, 10
1148, 10
1142, 10
1132, 10
1128, 10
1129, 10
1118, 10
1130, 10
1150, 10
1141, 10
1145, 10
1147, 10
1138, 10
1139, 10
1146, 10
1143, 10
1149, 9
1110, 10
1103, 10
1121, 10
1104, 10
1120, 10
1133, 10
1114, 10
1112, 10
1137, 10
1119, 10
1117, 10
1102, 10
1111, 10
1106, 10
1131, 10
1134, 10
1140, 10
1136, 10
1101, 10
1125, 10
1109, 10
1116, 10
1124, 10
1126, 10
1108, 10
1123, 10
1115, 10
1113, 10
1144, 10
1158, 10
1174, 9
1162, 10
1153, 10
1169, null
1156, 10
1154, 10
1160, 10
1152, 10
1155, 10
1173, 10
1159, 10
1196, 9
1179, 10
1182, 10
1164, 10
1167, 10
1186, 10
1190, 10
1189, 10
1176, 10
1180, 10
1163, 10
1170, 10
1200, 9
1166, 10
1161, 10
1188, 10
1193, 9
1187, 10
1168, 10
1181, 10
1165, 9
1185, 10
1195, 10
1191, 9
1183, 10
1199, 9
1172, 10
1151, 10
1198, 9
1178, 10
1184, 10
1194, 9
1157, 11
1171, 10
1175, 10
1177, 10
1197, 9
1192, 9
1202, 11
1206, 14
1225, 11
1226, 10
1220, 11
1216, 10
1219, 10
1238, 11
1235, 11
1240, 13
1230, 10
1221, 11
1248, 9
1213, 11
1237, 11
1246, 10
1222, 11
1201, 11
1242, 13
1250, 10
1243, 13
1229, 10
1245, 9
1249, 10
1244, 9
1232, 10
1239, 13
1209, 14
1227, 10
1207, 14
1212, 9
1205, 9
1233, 11
1208, 14
1217, 10
1211, 14
1210, 14
1241, 13
1231, 10
1215, 11
1228, 10
1247, 9
1218, 9
1236, 11
1234, 11
1224, 11
1203, 10
1223, 9
1214, 11
1204, 9
1260, 10
1256, 10
1261, 9
1259, 10
1257, 10
1263, 9
1252, null
1267, 9
1279, 9
1253, 10
1275, 9
1262, 9
1264, 9
1274, 10
1266, 9
1283, 10
1286, 10
1251, 10
1277, 9
1284, 10
1255, 10
1268, 9
1280, 9
1272, null
1288, 10
1285, 10
1282, 10
1300, 10
1270, 11
1292, 10
1294, 10
1299, 10
1271, 11
1297, 10
1281, 10
1258, 10
1291, 10
1287, 10
1290, 10
1276, 9
1296, 10
1293, 10
1265, 10
1254, 10
1273, 11
1295, 10
1298, 10
1289, 10
1278, 9
1269, 9
1308, 10
1310, 10
1317, 9
1322, 10
1312, 10
1325, 10
1301, 10
1316, 9
1327, 10
1320, 10
1329, 10
1342, 10
1339, 10
1324, 10
1333, 10
1334, 10
1323, 10
1346, 10
1306, 10
1330, 10
1337, 10
1340, 10
1343, 10
1348, 10
1344, 10
1335, 10
1347, 10
1311, 10
1319, 10
1341, 10
1321, 10
1314, 10
1331, 11
1315, 9
1303, 10
1332, 10
1350, 10
1326, 10
1313, 10
1345, 10
1305, 10
1307, 10
1309, 10
1328, 10
1318, null
1336, 9
1349, 10
1338, 10
1304, 10
1302, 10
1364, 10
1365, 10
1353, 10
1375, 10
1372, 10
1360, 11
1361, 10
1356, 11
1352, 10
1355, 11
1351, 10
1378, 10
1369, 10
1379, 10
1374, 10
1358, 10
1370, 10
1368, 10
1386, 11
1391, 10
1383, 10
1384, 10
1371, 10
1389, 10
1362, 10
1385, 11
1357, 10
1381, 10
1393, 10
1394, 11
1390, 10
1373, 10
1388, 11
1380, 10
1382, 10
1398, 10
1399, 10
1387, 11
1377, 10
1359, 10
1395, 10
1367, 10
1397, 10
1376, 10
1363, 10
1354, 10
1392, 10
1366, 10
1396, 11
1401, 10
1403, 10
1421, 10
1417, 10
1400, 10
1416, 10
1420, 10
1426, 10
1433, 9
1429, 9
1418, 10
1424, 10
1423, 10
1437, 9
1422, 10
1430, 9
1425, 10
1413, 10
1428, 9
1435, 9
1440, 10
1436, 9
1439, 9
1441, 10
1444, 10
1450, 10
1407, 10
1434, 9
1432, 9
1449, 10
1438, 10
1410, 10
1442, 9
1411, 10
1415, 10
1404, 11
1419, 10
1409, 10
1408, 10
1431, 9
1447, 10
1448, 10
1402, 10
1446, 10
1445, 10
1443, 9
1406, 11
1414, 10
1427, 9
1405, 11
1412, 10
1463, 10
1458, 9
1462, 10
1459, 9
1465, 10
1476, 9
1457, 10
1464, 10
1451, 10
1475, 10
1479, 9
1481, 10
1492, 10
1468, 10
1461, 10
1469, 10
1477, 9
1467, 10
1453, 10
1485, 10
1497, 10
1454, 10
1486, 10
1480, 10
1490, 9
1452, 10
1478, 9
1499, 11
1489, 10
1474, 10
1488, 11
1494, 9
1495, 9
1470, 11
1466, 10
1500, 9
1460, 9
1473, 10
1493, 10
1498, 11
1483, 9
1487, 10
1471, null
1482, 9
1472, 10
1456, 10
1496, 9
1491, 9
1484, 10
1455, 10
1508, 9
1507, 9
1506, 9
1515, 10
1512, 9
1504, 10
1502, 9
1501, 9
1503, 10
1538, 10
1549, 10
1517, 10
1539, 10
1509, 10
1534, null
1550, 10
1543, 10
1529, 9
1545, 10
1540, 9
1514, 10
1525, 10
1547, 10
1546, 10
1532, 10
1544, 10
1533, 10
1520, 11
1524, 10
1516, 10
1537, 9
1522, 11
1531, 10
1536, 9
1519, 11
1542, 10
1548, 10
1513, 11
1511, 10
1510, 9
1527, 11
1541, 10
1518, 11
1505, 9
1526, 10
1530, 10
1523, 10
1535, 9
1528, 10
1521, 11
1557, 10
1554, 10
1558, 10
1561, 10
1566, 10
1551, 10
1571, 10
1573, 10
1577, 10
1563, 9
1579, 9
1568, 10
1555, 10
1564, 10
1583, 9
1584, 9
1585, 9
1569, 10
1578, 9
1559, 9
1572, 10
1560, 10
1553, 10
1581, 9
1580, 10
1593, 10
1597, 10
1592, 10
1575, 10
1598, 10
1594, 10
1599, 10
1552, 10
1591, 10
1556, 10
1567, 9
1565, 9
1586, 10
1587, 10
1596, 10
1582, 9
1590, 11
1576, 10
1595, 10
1589, 10
1588, 10
1570, 10
1562, 10
1574, 10
1604, 9
1600, 10
1603, 10
1637, 10
1601, 10
1625, 10
1636, 9
1648, 10
1642, 10
1643, 10
1641, 10
1633, 9
1621, 10
1629, 11
1645, 10
1622, 10
1623, 10
1640, 10
1626, 10
1644, 10
1650, 10
1649, 10
1631, 10
1627, 11
1634, 9
1616, 10
1615, 10
1638, 10
1612, 10
1611, 10
1630, 9
1605, 9
1617, 10
1614, 10
1619, 10
1602, 10
1635, 9
1613, 10
1647, 10
1639, 10
1646, 10
1618, 10
1607, 10
1620, 10
1609, 10
1608, 10
1624, 10
1610, 10
1628, 10
1632, 9
1606, 10
1660, 10
1657, 9
1672, 10
1675, 10
1655, 9
1663, 10
1664, 10
1659, 10
1674, 10
1681, 10
1688, 10
1684, 9
1670, 9
1654, null
1693, 10
1665, 10
1667, 10
1685, 10
1695, 10
1676, 10
1668, 10
1679, 10
1699, 10
1669, 9
1682, 10
1661, 10
1686, 10
1651, 9
1683, 10
1673, 9
1671, 9
1700, 10
1680, 10
1656, 9
1694, 10
1666, 10
1697, 10
1653, 9
1662, 10
1652, 9
1689, 10
1691, 10
1692, 10
1677, 9
1698, 10
1687, 10
1658, 9
1696, 10
1690, 10
1678, 9
1703, 10
1718, 10
1708, 9
1711, 10
1709, 9
1714, 10
1712, 10
1705, 10
1710, 10
1717, 10
1716, 10
1702, 10
1715, 10
1701, 10
1707, 10
1706, 10
1713, 10
1704, 10